,survived,pclass,sex,age,sibsp,parch,fare,embarked,class,who,adult_male,deck,embark_town,alive,alone,fare_percent
0,0,3,male,22.0,1,0,7.25,S,Third,man,True,,Southampton,no,False,0.026713227712031242
1,1,1,female,38.0,1,0,71.2833,C,First,woman,False,C,Cherbourg,yes,False,0.26264924482276364
2,1,3,female,26.0,0,0,7.925,S,Third,woman,False,,Southampton,yes,True,0.02920032132659967
3,1,1,female,35.0,1,0,53.1,S,First,woman,False,C,Southampton,yes,False,0.19565136434604954
4,0,3,male,35.0,0,0,8.05,S,Third,man,True,,Southampton,no,True,0.029660894218186417
5,0,3,male,28.0,0,0,8.4583,Q,Third,man,True,,Queenstown,no,True,0.03116530951126536
6,0,1,male,54.0,0,0,51.8625,S,First,man,True,E,Southampton,no,True,0.19109169271934073
7,0,3,male,2.0,3,1,21.075,S,Third,child,False,,Southampton,no,False,0.0776525895215253
8,1,3,female,27.0,0,2,11.1333,S,Third,woman,False,,Southampton,yes,False,0.041021569391221716
9,1,2,female,14.0,1,0,30.0708,C,Second,child,False,,Cherbourg,yes,False,0.11079836246661366
10,1,3,female,4.0,1,1,16.7,S,Third,child,False,G,Southampton,yes,False,0.061532538315989205
11,1,1,female,58.0,0,0,26.55,S,First,woman,False,C,Southampton,yes,True,0.09782568217302477
12,0,3,male,20.0,0,0,8.05,S,Third,man,True,,Southampton,no,True,0.029660894218186417
13,0,3,male,39.0,1,5,31.275,S,Third,man,True,,Southampton,no,False,0.11523533747500372
14,0,3,female,14.0,0,0,7.8542,S,Third,child,False,,Southampton,no,True,0.028939452840804937
15,1,2,female,55.0,0,0,16.0,S,Second,woman,False,,Southampton,yes,True,0.05895333012310343
16,0,3,male,2.0,4,1,29.125,Q,Third,child,False,,Queenstown,no,False,0.10731348373971172
17,1,2,male,28.0,0,0,13.0,S,Second,man,True,,Southampton,yes,True,0.04789958072502154
18,0,3,female,31.0,1,0,18.0,S,Third,woman,False,,Southampton,no,False,0.06632249638849136
19,1,3,female,28.0,0,0,7.225,C,Third,woman,False,,Cherbourg,yes,True,0.02662111313371389
20,0,2,male,35.0,0,0,26.0,S,Second,man,True,,Southampton,no,True,0.09579916145004308
21,1,2,male,34.0,0,0,13.0,S,Second,man,True,D,Southampton,yes,True,0.04789958072502154
22,1,3,female,15.0,0,0,8.0292,Q,Third,child,False,,Queenstown,yes,True,0.02958425488902638
23,1,1,male,28.0,0,0,35.5,S,First,man,True,A,Southampton,yes,True,0.13080270121063575
24,0,3,female,8.0,3,1,21.075,S,Third,child,False,,Southampton,no,False,0.0776525895215253
25,1,3,female,38.0,1,5,31.3875,S,Third,woman,False,,Southampton,yes,False,0.11564985307743181
26,0,3,male,28.0,0,0,7.225,C,Third,man,True,,Cherbourg,no,True,0.02662111313371389
27,0,1,male,19.0,3,2,263.0,S,First,man,True,C,Southampton,no,False,0.9690453638985127
28,1,3,female,28.0,0,0,7.8792,Q,Third,woman,False,,Queenstown,yes,True,0.029031567419122283
29,0,3,male,28.0,0,0,7.8958,S,Third,man,True,,Southampton,no,True,0.029092731499125005
30,0,1,male,40.0,0,0,27.7208,C,First,man,True,,Cherbourg,no,True,0.10213959210478285
31,1,1,female,28.0,1,0,146.5208,C,First,woman,False,B,Cherbourg,yes,False,0.5398680682688258
32,1,3,female,28.0,0,0,7.75,Q,Third,woman,False,,Queenstown,yes,True,0.028555519278378225
33,0,2,male,66.0,0,0,10.5,S,Second,man,True,,Southampton,no,True,0.038688122893286624
34,0,1,male,28.0,1,0,82.1708,C,First,man,True,,Cherbourg,no,False,0.3027651436799692
35,0,1,male,42.0,1,0,52.0,S,First,man,True,,Southampton,no,False,0.19159832290008616
36,1,3,male,28.0,0,0,7.2292,C,Third,man,True,,Cherbourg,yes,True,0.026636588382871206
37,0,3,male,21.0,0,0,8.05,S,Third,man,True,,Southampton,no,True,0.029660894218186417
38,0,3,female,18.0,2,0,18.0,S,Third,woman,False,,Southampton,no,False,0.06632249638849136
39,1,3,female,14.0,1,0,11.2417,C,Third,child,False,,Cherbourg,yes,False,0.04142097820280574
40,0,3,female,40.0,1,0,9.475,S,Third,woman,False,,Southampton,no,False,0.03491142518227531
41,0,2,female,27.0,1,0,21.0,S,Second,woman,False,,Southampton,no,False,0.07737624578657325
42,0,3,male,28.0,0,0,7.8958,C,Third,man,True,,Cherbourg,no,True,0.029092731499125005
43,1,2,female,3.0,1,2,41.5792,C,Second,child,False,,Cherbourg,yes,False,0.1532020189909089
44,1,3,female,19.0,0,0,7.8792,Q,Third,woman,False,,Queenstown,yes,True,0.029031567419122283
45,0,3,male,28.0,0,0,8.05,S,Third,man,True,,Southampton,no,True,0.029660894218186417
46,0,3,male,28.0,1,0,15.5,Q,Third,man,True,,Queenstown,no,False,0.05711103855675645
48,0,3,male,28.0,2,0,21.6792,C,Third,man,True,,Cherbourg,no,False,0.079878814650299
49,0,3,female,18.0,1,0,17.8,S,Third,woman,False,,Southampton,no,False,0.06558557976195256
50,0,3,male,7.0,4,1,39.6875,S,Third,child,False,,Southampton,no,False,0.14623189307879172
51,0,3,male,21.0,0,0,7.8,S,Third,man,True,,Southampton,no,True,0.028739748435012924
52,1,1,female,49.0,1,0,76.7292,C,First,woman,False,D,Cherbourg,yes,False,0.28271511610510175
53,1,2,female,29.0,1,0,26.0,S,Second,woman,False,,Southampton,yes,False,0.09579916145004308
54,0,1,male,65.0,0,1,61.9792,C,First,man,True,B,Cherbourg,no,False,0.22836751489786578
55,1,1,male,28.0,0,0,35.5,S,First,man,True,C,Southampton,yes,True,0.13080270121063575
56,1,2,female,21.0,0,0,10.5,S,Second,woman,False,,Southampton,yes,True,0.038688122893286624
57,0,3,male,28.5,0,0,7.2292,C,Third,man,True,,Cherbourg,no,True,0.026636588382871206
58,1,2,female,5.0,1,2,27.75,S,Second,child,False,,Southampton,yes,False,0.10224718193225751
59,0,3,male,11.0,5,2,46.9,S,Third,child,False,,Southampton,no,False,0.17280694892334694
60,0,3,male,22.0,0,0,7.2292,C,Third,man,True,,Cherbourg,no,True,0.026636588382871206
61,1,1,female,38.0,0,0,80.0,Unknown,First,woman,False,B,,yes,True,0.29476665061551716
62,0,1,male,45.0,1,0,83.475,S,First,man,True,C,Southampton,no,False,0.30757057700162865
63,0,3,male,4.0,3,2,27.9,S,Third,child,False,,Southampton,no,False,0.1027998694021616
64,0,1,male,28.0,0,0,27.7208,C,First,man,True,,Cherbourg,no,True,0.10213959210478285
65,1,3,male,28.0,1,1,15.2458,C,Third,man,True,,Cherbourg,yes,False,0.05617441752442564
66,1,2,female,29.0,0,0,10.5,S,Second,woman,False,F,Southampton,yes,True,0.038688122893286624
67,0,3,male,19.0,0,0,8.1583,S,Third,man,True,,Southampton,no,True,0.030059934571457173
68,1,3,female,17.0,4,2,7.925,S,Third,woman,False,,Southampton,yes,False,0.02920032132659967
69,0,3,male,26.0,2,0,8.6625,S,Third,man,True,,Southampton,no,False,0.03191770138696147
70,0,2,male,32.0,0,0,10.5,S,Second,man,True,,Southampton,no,True,0.038688122893286624
71,0,3,female,16.0,5,2,46.9,S,Third,woman,False,,Southampton,no,False,0.17280694892334694
72,0,2,male,21.0,0,0,73.5,S,Second,man,True,,Southampton,no,True,0.2708168602530064
73,0,3,male,26.0,1,0,14.4542,C,Third,man,True,,Cherbourg,no,False,0.0532577015165851
74,1,3,male,32.0,0,0,56.4958,S,Third,man,True,,Southampton,yes,True,0.2081634717480517
75,0,3,male,25.0,0,0,7.65,S,Third,man,True,F,Southampton,no,True,0.028187060965108826
78,1,2,male,0.83,0,2,29.0,S,Second,child,False,,Southampton,yes,False,0.10685291084812497
79,1,3,female,30.0,0,0,12.475,S,Third,woman,False,,Southampton,yes,True,0.045965174580357204
80,0,3,male,22.0,0,0,9.0,S,Third,man,True,,Southampton,no,True,0.03316124819424568
81,1,3,male,29.0,0,0,9.5,S,Third,man,True,,Southampton,yes,True,0.035003539760592665
82,1,3,female,28.0,0,0,7.7875,Q,Third,woman,False,,Queenstown,yes,True,0.02869369114585425
83,0,1,male,28.0,0,0,47.1,S,First,man,True,,Southampton,no,True,0.17354386554988574
84,1,2,female,17.0,0,0,10.5,S,Second,woman,False,,Southampton,yes,True,0.038688122893286624
85,1,3,female,33.0,3,0,15.85,S,Third,woman,False,,Southampton,yes,False,0.05840064265319934
86,0,3,male,16.0,1,3,34.375,S,Third,man,True,,Southampton,no,False,0.12665754518635503
88,1,1,female,23.0,3,2,263.0,S,First,woman,False,C,Southampton,yes,False,0.9690453638985127
89,0,3,male,24.0,0,0,8.05,S,Third,man,True,,Southampton,no,True,0.029660894218186417
90,0,3,male,29.0,0,0,8.05,S,Third,man,True,,Southampton,no,True,0.029660894218186417
91,0,3,male,20.0,0,0,7.8542,S,Third,man,True,,Southampton,no,True,0.028939452840804937
92,0,1,male,46.0,1,0,61.175,S,First,man,True,E,Southampton,no,False,0.2254043731425533
93,0,3,male,26.0,1,2,20.575,S,Third,man,True,,Southampton,no,False,0.07581029795517832
94,0,3,male,59.0,0,0,7.25,S,Third,man,True,,Southampton,no,True,0.026713227712031242
96,0,1,male,71.0,0,0,34.6542,C,First,man,True,A,Cherbourg,no,True,0.1276862807970032
97,1,1,male,23.0,0,1,63.3583,C,First,man,True,D,Cherbourg,yes,False,0.233448923496164
98,1,2,female,34.0,0,1,23.0,S,Second,woman,False,,Southampton,yes,False,0.08474541205196119
99,0,2,male,34.0,1,0,26.0,S,Second,man,True,,Southampton,no,False,0.09579916145004308
100,0,3,female,28.0,0,0,7.8958,S,Third,woman,False,,Southampton,no,True,0.029092731499125005
102,0,1,male,21.0,0,1,77.2875,S,First,man,True,D,Southampton,no,False,0.28477221886808474
103,0,3,male,33.0,0,0,8.6542,S,Third,man,True,,Southampton,no,True,0.031887119346960105
104,0,3,male,37.0,2,0,7.925,S,Third,man,True,,Southampton,no,False,0.02920032132659967
106,1,3,female,21.0,0,0,7.65,S,Third,woman,False,,Southampton,yes,True,0.028187060965108826
107,1,3,male,28.0,0,0,7.775,S,Third,man,True,,Southampton,yes,True,0.028647633856695574
108,0,3,male,38.0,0,0,7.8958,S,Third,man,True,,Southampton,no,True,0.029092731499125005
109,1,3,female,28.0,1,0,24.15,Q,Third,woman,False,,Queenstown,yes,False,0.08898268265455925
110,0,1,male,47.0,0,0,52.0,S,First,man,True,C,Southampton,no,True,0.19159832290008616
111,0,3,female,14.5,1,0,14.4542,C,Third,child,False,,Cherbourg,no,False,0.0532577015165851
112,0,3,male,22.0,0,0,8.05,S,Third,man,True,,Southampton,no,True,0.029660894218186417
113,0,3,female,20.0,1,0,9.825,S,Third,woman,False,,Southampton,no,False,0.0362010292787182
114,0,3,female,17.0,0,0,14.4583,C,Third,woman,False,,Cherbourg,no,True,0.05327280830742915
115,0,3,male,21.0,0,0,7.925,S,Third,man,True,,Southampton,no,True,0.02920032132659967
116,0,3,male,70.5,0,0,7.75,Q,Third,man,True,,Queenstown,no,True,0.028555519278378225
117,0,2,male,29.0,1,0,21.0,S,Second,man,True,,Southampton,no,False,0.07737624578657325
118,0,1,male,24.0,0,1,247.5208,C,First,man,True,B,Cherbourg,no,False,0.9120109646709164
119,0,3,female,2.0,4,2,31.275,S,Third,child,False,,Southampton,no,False,0.11523533747500372
120,0,2,male,21.0,2,0,73.5,S,Second,man,True,,Southampton,no,False,0.2708168602530064
122,0,2,male,32.5,1,0,30.0708,C,Second,man,True,,Cherbourg,no,False,0.11079836246661366
123,1,2,female,32.5,0,0,13.0,S,Second,woman,False,E,Southampton,yes,True,0.04789958072502154
124,0,1,male,54.0,0,1,77.2875,S,First,man,True,D,Southampton,no,False,0.28477221886808474
125,1,3,male,12.0,1,0,11.2417,C,Third,child,False,,Cherbourg,yes,False,0.04142097820280574
126,0,3,male,28.0,0,0,7.75,Q,Third,man,True,,Queenstown,no,True,0.028555519278378225
127,1,3,male,24.0,0,0,7.1417,S,Third,man,True,,Southampton,yes,True,0.026314187358760486
128,1,3,female,28.0,1,1,22.3583,C,Third,woman,False,F,Cherbourg,yes,False,0.08238101505571147
129,0,3,male,45.0,0,0,6.975,S,Third,man,True,,Southampton,no,True,0.0256999673505404
130,0,3,male,33.0,0,0,7.8958,C,Third,man,True,,Cherbourg,no,True,0.029092731499125005
131,0,3,male,20.0,0,0,7.05,S,Third,man,True,,Southampton,no,True,0.025976311085492452
132,0,3,female,47.0,1,0,14.5,S,Third,woman,False,,Southampton,no,False,0.053426455424062484
134,0,2,male,25.0,0,0,13.0,S,Second,man,True,,Southampton,no,True,0.04789958072502154
135,0,2,male,23.0,0,0,15.0458,C,Second,man,True,,Cherbourg,no,True,0.05543750089788685
136,1,1,female,19.0,0,2,26.2833,S,First,woman,False,D,Southampton,yes,False,0.09684300385153527
137,0,1,male,37.0,1,0,53.1,S,First,man,True,C,Southampton,no,False,0.19565136434604954
138,0,3,male,16.0,0,0,9.2167,S,Third,man,True,,Southampton,no,True,0.03395969735910046
139,0,1,male,24.0,0,0,79.2,C,First,man,True,B,Cherbourg,no,True,0.291818984109362
140,0,3,female,28.0,0,2,15.2458,C,Third,woman,False,,Cherbourg,no,False,0.05617441752442564
141,1,3,female,22.0,0,0,7.75,S,Third,woman,False,,Southampton,yes,True,0.028555519278378225
142,1,3,female,24.0,1,0,15.85,S,Third,woman,False,,Southampton,yes,False,0.05840064265319934
143,0,3,male,19.0,0,0,6.75,Q,Third,man,True,,Queenstown,no,True,0.02487093614568426
144,0,2,male,18.0,0,0,11.5,S,Second,man,True,,Southampton,no,True,0.042372706025980596
145,0,2,male,19.0,1,1,36.75,S,Second,man,True,,Southampton,no,False,0.1354084301265032
146,1,3,male,27.0,0,0,7.7958,S,Third,man,True,,Southampton,yes,True,0.028724273185855607
147,0,3,female,9.0,2,2,34.375,S,Third,child,False,,Southampton,no,False,0.12665754518635503
148,0,2,male,36.5,0,2,26.0,S,Second,man,True,F,Southampton,no,False,0.09579916145004308
149,0,2,male,42.0,0,0,13.0,S,Second,man,True,,Southampton,no,True,0.04789958072502154
150,0,2,male,51.0,0,0,12.525,S,Second,man,True,,Southampton,no,True,0.04614940373699191
151,1,1,female,22.0,1,0,66.6,S,First,woman,False,C,Southampton,yes,False,0.245393236637418
152,0,3,male,55.5,0,0,8.05,S,Third,man,True,,Southampton,no,True,0.029660894218186417
153,0,3,male,40.5,0,2,14.5,S,Third,man,True,,Southampton,no,False,0.053426455424062484
154,0,3,male,28.0,0,0,7.3125,S,Third,man,True,,Southampton,no,True,0.026943514157824613
155,0,1,male,51.0,0,1,61.3792,C,First,man,True,,Cherbourg,no,False,0.22615676501824938
156,1,3,female,16.0,0,0,7.7333,Q,Third,woman,False,,Queenstown,yes,True,0.028493986740062236
157,0,3,male,30.0,0,0,8.05,S,Third,man,True,,Southampton,no,True,0.029660894218186417
158,0,3,male,28.0,0,0,8.6625,S,Third,man,True,,Southampton,no,True,0.03191770138696147
159,0,3,male,28.0,8,2,69.55,S,Third,man,True,,Southampton,no,False,0.2562627568788652
160,0,3,male,44.0,0,1,16.1,S,Third,man,True,,Southampton,no,False,0.059321788436372834
161,1,2,female,40.0,0,0,15.75,S,Second,woman,False,,Southampton,yes,True,0.05803218433992994
162,0,3,male,26.0,0,0,7.775,S,Third,man,True,,Southampton,no,True,0.028647633856695574
163,0,3,male,17.0,0,0,8.6625,S,Third,man,True,,Southampton,no,True,0.03191770138696147
164,0,3,male,1.0,4,1,39.6875,S,Third,child,False,,Southampton,no,False,0.14623189307879172
165,1,3,male,9.0,0,2,20.525,S,Third,child,False,,Southampton,yes,False,0.07562606879854361
166,1,1,female,28.0,0,1,55.0,S,First,woman,False,E,Southampton,yes,False,0.20265207229816806
167,0,3,female,45.0,1,4,27.9,S,Third,woman,False,,Southampton,no,False,0.1027998694021616
168,0,1,male,28.0,0,0,25.925,S,First,man,True,,Southampton,no,True,0.09552281771509102
169,0,3,male,28.0,0,0,56.4958,S,Third,man,True,,Southampton,no,True,0.2081634717480517
170,0,1,male,61.0,0,0,33.5,S,First,man,True,B,Southampton,no,True,0.12343353494524781
171,0,3,male,4.0,4,1,29.125,Q,Third,child,False,,Queenstown,no,False,0.10731348373971172
172,1,3,female,1.0,1,1,11.1333,S,Third,child,False,,Southampton,yes,False,0.041021569391221716
174,0,1,male,56.0,0,0,30.6958,C,First,man,True,A,Cherbourg,no,True,0.11310122692454738
175,0,3,male,18.0,1,1,7.8542,S,Third,man,True,,Southampton,no,False,0.028939452840804937
176,0,3,male,28.0,3,1,25.4667,S,Third,man,True,,Southampton,no,False,0.09383417326537738
177,0,1,female,50.0,0,0,28.7125,C,First,woman,False,C,Cherbourg,no,True,0.10579359319747544
178,0,2,male,30.0,0,0,13.0,S,Second,man,True,,Southampton,no,True,0.04789958072502154
179,0,3,male,36.0,0,0,0.0,S,Third,man,True,,Southampton,no,True,0.0
180,0,3,female,28.0,8,2,69.55,S,Third,woman,False,,Southampton,no,False,0.2562627568788652
181,0,2,male,28.0,0,0,15.05,C,Second,man,True,,Cherbourg,no,True,0.05545297614704417
182,0,3,male,9.0,4,2,31.3875,S,Third,child,False,,Southampton,no,False,0.11564985307743181
183,1,2,male,1.0,2,1,39.0,S,Second,child,False,F,Southampton,yes,False,0.14369874217506462
184,1,3,female,4.0,0,2,22.025,S,Third,child,False,,Southampton,yes,False,0.08115294349758456
185,0,1,male,28.0,0,0,50.0,S,First,man,True,A,Southampton,no,True,0.18422915663469822
186,1,3,female,28.0,1,0,15.5,Q,Third,woman,False,,Queenstown,yes,False,0.05711103855675645
187,1,1,male,45.0,0,0,26.55,S,First,man,True,,Southampton,yes,True,0.09782568217302477
188,0,3,male,40.0,1,1,15.5,Q,Third,man,True,,Queenstown,no,False,0.05711103855675645
189,0,3,male,36.0,0,0,7.8958,S,Third,man,True,,Southampton,no,True,0.029092731499125005
190,1,2,female,32.0,0,0,13.0,S,Second,woman,False,,Southampton,yes,True,0.04789958072502154
191,0,2,male,19.0,0,0,13.0,S,Second,man,True,,Southampton,no,True,0.04789958072502154
192,1,3,female,19.0,1,0,7.8542,S,Third,woman,False,,Southampton,yes,False,0.028939452840804937
193,1,2,male,3.0,1,1,26.0,S,Second,child,False,F,Southampton,yes,False,0.09579916145004308
194,1,1,female,44.0,0,0,27.7208,C,First,woman,False,B,Cherbourg,yes,True,0.10213959210478285
195,1,1,female,58.0,0,0,146.5208,C,First,woman,False,B,Cherbourg,yes,True,0.5398680682688258
197,0,3,male,42.0,0,1,8.4042,S,Third,man,True,,Southampton,no,False,0.030965973563786615
199,0,2,female,24.0,0,0,13.0,S,Second,woman,False,,Southampton,no,True,0.04789958072502154
200,0,3,male,28.0,0,0,9.5,S,Third,man,True,,Southampton,no,True,0.035003539760592665
202,0,3,male,34.0,0,0,6.4958,S,Third,man,True,,Southampton,no,True,0.023934315113353456
203,0,3,male,45.5,0,0,7.225,C,Third,man,True,,Cherbourg,no,True,0.02662111313371389
204,1,3,male,18.0,0,0,8.05,S,Third,man,True,,Southampton,yes,True,0.029660894218186417
205,0,3,female,2.0,0,1,10.4625,S,Third,child,False,G,Southampton,no,False,0.0385499510258106
206,0,3,male,32.0,1,0,15.85,S,Third,man,True,,Southampton,no,False,0.05840064265319934
207,1,3,male,26.0,0,0,18.7875,C,Third,man,True,,Cherbourg,yes,True,0.06922410560548786
208,1,3,female,16.0,0,0,7.75,Q,Third,woman,False,,Queenstown,yes,True,0.028555519278378225
209,1,1,male,40.0,0,0,31.0,C,First,man,True,A,Cherbourg,yes,True,0.1142220771135129
210,0,3,male,24.0,0,0,7.05,S,Third,man,True,,Southampton,no,True,0.025976311085492452
211,1,2,female,35.0,0,0,21.0,S,Second,woman,False,,Southampton,yes,True,0.07737624578657325
212,0,3,male,22.0,0,0,7.25,S,Third,man,True,,Southampton,no,True,0.026713227712031242
214,0,3,male,28.0,1,0,7.75,Q,Third,man,True,,Queenstown,no,False,0.028555519278378225
215,1,1,female,31.0,1,0,113.275,C,First,woman,False,D,Cherbourg,yes,False,0.4173711543559088
216,1,3,female,27.0,0,0,7.925,S,Third,woman,False,,Southampton,yes,True,0.02920032132659967
217,0,2,male,42.0,1,0,27.0,S,Second,man,True,,Southampton,no,False,0.09948374458273704
218,1,1,female,32.0,0,0,76.2917,C,First,woman,False,D,Cherbourg,yes,True,0.28110311098454815
219,0,2,male,30.0,0,0,10.5,S,Second,man,True,,Southampton,no,True,0.038688122893286624
220,1,3,male,16.0,0,0,8.05,S,Third,man,True,,Southampton,yes,True,0.029660894218186417
221,0,2,male,27.0,0,0,13.0,S,Second,man,True,,Southampton,no,True,0.04789958072502154
222,0,3,male,51.0,0,0,8.05,S,Third,man,True,,Southampton,no,True,0.029660894218186417
224,1,1,male,38.0,1,0,90.0,S,First,man,True,C,Southampton,yes,False,0.3316124819424568
225,0,3,male,22.0,0,0,9.35,S,Third,man,True,,Southampton,no,True,0.03445085229068856
226,1,2,male,19.0,0,0,10.5,S,Second,man,True,,Southampton,yes,True,0.038688122893286624
227,0,3,male,20.5,0,0,7.25,S,Third,man,True,,Southampton,no,True,0.026713227712031242
228,0,2,male,18.0,0,0,13.0,S,Second,man,True,,Southampton,no,True,0.04789958072502154
229,0,3,female,28.0,3,1,25.4667,S,Third,woman,False,,Southampton,no,False,0.09383417326537738
230,1,1,female,35.0,1,0,83.475,S,First,woman,False,C,Southampton,yes,False,0.30757057700162865
231,0,3,male,29.0,0,0,7.775,S,Third,man,True,,Southampton,no,True,0.028647633856695574
232,0,2,male,59.0,0,0,13.5,S,Second,man,True,,Southampton,no,True,0.04974187229136852
233,1,3,female,5.0,4,2,31.3875,S,Third,child,False,,Southampton,yes,False,0.11564985307743181
234,0,2,male,24.0,0,0,10.5,S,Second,man,True,,Southampton,no,True,0.038688122893286624
235,0,3,female,28.0,0,0,7.55,S,Third,woman,False,,Southampton,no,True,0.027818602651839427
236,0,2,male,44.0,1,0,26.0,S,Second,man,True,,Southampton,no,False,0.09579916145004308
237,1,2,female,8.0,0,2,26.25,S,Second,child,False,,Southampton,yes,False,0.09672030723321656
238,0,2,male,19.0,0,0,10.5,S,Second,man,True,,Southampton,no,True,0.038688122893286624
239,0,2,male,33.0,0,0,12.275,S,Second,man,True,,Southampton,no,True,0.045228257953818414
240,0,3,female,28.0,1,0,14.4542,C,Third,woman,False,,Cherbourg,no,False,0.0532577015165851
242,0,2,male,29.0,0,0,10.5,S,Second,man,True,,Southampton,no,True,0.038688122893286624
243,0,3,male,22.0,0,0,7.125,S,Third,man,True,,Southampton,no,True,0.026252654820444497
244,0,3,male,30.0,0,0,7.225,C,Third,man,True,,Cherbourg,no,True,0.02662111313371389
245,0,1,male,44.0,2,0,90.0,Q,First,man,True,C,Queenstown,no,False,0.3316124819424568
246,0,3,female,25.0,0,0,7.775,S,Third,woman,False,,Southampton,no,True,0.028647633856695574
247,1,2,female,24.0,0,2,14.5,S,Second,woman,False,,Southampton,yes,False,0.053426455424062484
248,1,1,male,37.0,1,1,52.5542,S,First,man,True,D,Southampton,yes,False,0.19364031887222516
249,0,2,male,54.0,1,0,26.0,S,Second,man,True,,Southampton,no,False,0.09579916145004308
250,0,3,male,28.0,0,0,7.25,S,Third,man,True,,Southampton,no,True,0.026713227712031242
251,0,3,female,29.0,1,1,10.4625,S,Third,woman,False,G,Southampton,no,False,0.0385499510258106
252,0,1,male,62.0,0,0,26.55,S,First,man,True,C,Southampton,no,True,0.09782568217302477
253,0,3,male,30.0,1,0,16.1,S,Third,man,True,,Southampton,no,False,0.059321788436372834
254,0,3,female,41.0,0,2,20.2125,S,Third,woman,False,,Southampton,no,False,0.07447463656957676
255,1,3,female,29.0,0,2,15.2458,C,Third,woman,False,,Cherbourg,yes,False,0.05617441752442564
256,1,1,female,28.0,0,0,79.2,C,First,woman,False,,Cherbourg,yes,True,0.291818984109362
257,1,1,female,30.0,0,0,86.5,S,First,woman,False,B,Southampton,yes,True,0.3187164409780279
258,1,1,female,35.0,0,0,512.3292,C,First,woman,False,,Cherbourg,yes,True,1.8877195287065927
259,1,2,female,50.0,0,1,26.0,S,Second,woman,False,,Southampton,yes,False,0.09579916145004308
261,1,3,male,3.0,4,2,31.3875,S,Third,child,False,,Southampton,yes,False,0.11564985307743181
262,0,1,male,52.0,1,1,79.65,S,First,man,True,E,Southampton,no,False,0.2934770465190743
263,0,1,male,40.0,0,0,0.0,S,First,man,True,B,Southampton,no,True,0.0
264,0,3,female,28.0,0,0,7.75,Q,Third,woman,False,,Queenstown,no,True,0.028555519278378225
265,0,2,male,36.0,0,0,10.5,S,Second,man,True,,Southampton,no,True,0.038688122893286624
266,0,3,male,16.0,4,1,39.6875,S,Third,man,True,,Southampton,no,False,0.14623189307879172
267,1,3,male,25.0,1,0,7.775,S,Third,man,True,,Southampton,yes,False,0.028647633856695574
268,1,1,female,58.0,0,1,153.4625,S,First,woman,False,C,Southampton,yes,False,0.5654453390010475
269,1,1,female,35.0,0,0,135.6333,S,First,woman,False,C,Southampton,yes,True,0.49975216941162026
270,0,1,male,28.0,0,0,31.0,S,First,man,True,,Southampton,no,True,0.1142220771135129
271,1,3,male,25.0,0,0,0.0,S,Third,man,True,,Southampton,yes,True,0.0
272,1,2,female,41.0,0,1,19.5,S,Second,woman,False,,Southampton,yes,False,0.07184937108753231
273,0,1,male,37.0,0,1,29.7,C,First,man,True,C,Cherbourg,no,False,0.10943211904101074
275,1,1,female,63.0,1,0,77.9583,S,First,woman,False,D,Southampton,yes,False,0.28724383723349584
276,0,3,female,45.0,0,0,7.75,S,Third,woman,False,,Southampton,no,True,0.028555519278378225
277,0,2,male,28.0,0,0,0.0,S,Second,man,True,,Southampton,no,True,0.0
278,0,3,male,7.0,4,1,29.125,Q,Third,child,False,,Queenstown,no,False,0.10731348373971172
279,1,3,female,35.0,1,1,20.25,S,Third,woman,False,,Southampton,yes,False,0.07461280843705279
280,0,3,male,65.0,0,0,7.75,Q,Third,man,True,,Queenstown,no,True,0.028555519278378225
281,0,3,male,28.0,0,0,7.8542,S,Third,man,True,,Southampton,no,True,0.028939452840804937
282,0,3,male,16.0,0,0,9.5,S,Third,man,True,,Southampton,no,True,0.035003539760592665
283,1,3,male,19.0,0,0,8.05,S,Third,man,True,,Southampton,yes,True,0.029660894218186417
284,0,1,male,28.0,0,0,26.0,S,First,man,True,A,Southampton,no,True,0.09579916145004308
285,0,3,male,33.0,0,0,8.6625,C,Third,man,True,,Cherbourg,no,True,0.03191770138696147
286,1,3,male,30.0,0,0,9.5,S,Third,man,True,,Southampton,yes,True,0.035003539760592665
287,0,3,male,22.0,0,0,7.8958,S,Third,man,True,,Southampton,no,True,0.029092731499125005
288,1,2,male,42.0,0,0,13.0,S,Second,man,True,,Southampton,yes,True,0.04789958072502154
289,1,3,female,22.0,0,0,7.75,Q,Third,woman,False,,Queenstown,yes,True,0.028555519278378225
290,1,1,female,26.0,0,0,78.85,S,First,woman,False,,Southampton,yes,True,0.2905293800129191
291,1,1,female,19.0,1,0,91.0792,C,First,woman,False,B,Cherbourg,yes,False,0.33558888405926013
292,0,2,male,36.0,0,0,12.875,C,Second,man,True,D,Cherbourg,no,True,0.04743900783343479
293,0,3,female,24.0,0,0,8.85,S,Third,woman,False,,Southampton,no,True,0.03260856072434159
294,0,3,male,24.0,0,0,7.8958,S,Third,man,True,,Southampton,no,True,0.029092731499125005
296,0,3,male,23.5,0,0,7.2292,C,Third,man,True,,Cherbourg,no,True,0.026636588382871206
297,0,1,female,2.0,1,2,151.55,S,First,child,False,C,Southampton,no,False,0.5583985737597704
298,1,1,male,28.0,0,0,30.5,S,First,man,True,C,Southampton,yes,True,0.11237978554716592
299,1,1,female,50.0,0,1,247.5208,C,First,woman,False,B,Cherbourg,yes,False,0.9120109646709164
301,1,3,male,28.0,2,0,23.25,Q,Third,man,True,,Queenstown,yes,False,0.08566655783513467
302,0,3,male,19.0,0,0,0.0,S,Third,man,True,,Southampton,no,True,0.0
303,1,2,female,28.0,0,0,12.35,Q,Second,woman,False,E,Queenstown,yes,True,0.045504601688770456
305,1,1,male,0.92,1,2,151.55,S,First,child,False,C,Southampton,yes,False,0.5583985737597704
306,1,1,female,28.0,0,0,110.8833,C,First,woman,False,,Cherbourg,yes,True,0.40855873687744465
307,1,1,female,17.0,1,0,108.9,C,First,woman,False,C,Cherbourg,yes,False,0.40125110315037277
308,0,2,male,30.0,1,0,24.0,C,Second,man,True,,Cherbourg,no,False,0.08842999518465515
309,1,1,female,30.0,0,0,56.9292,C,First,woman,False,E,Cherbourg,yes,True,0.20976037007776124
310,1,1,female,24.0,0,0,83.1583,C,First,woman,False,C,Cherbourg,yes,True,0.3064036695235045
311,1,1,female,18.0,2,2,262.375,C,First,woman,False,B,Cherbourg,yes,False,0.966742499440579
312,0,2,female,26.0,1,1,26.0,S,Second,woman,False,,Southampton,no,False,0.09579916145004308
314,0,2,male,43.0,1,1,26.25,S,Second,man,True,,Southampton,no,False,0.09672030723321656
315,1,3,female,26.0,0,0,7.8542,S,Third,woman,False,,Southampton,yes,True,0.028939452840804937
316,1,2,female,24.0,1,0,26.0,S,Second,woman,False,,Southampton,yes,False,0.09579916145004308
317,0,2,male,54.0,0,0,14.0,S,Second,man,True,,Southampton,no,True,0.0515841638577155
318,1,1,female,31.0,0,2,164.8667,S,First,woman,False,C,Southampton,yes,False,0.607465061962916
319,1,1,female,40.0,1,1,134.5,C,First,woman,False,E,Cherbourg,yes,False,0.49557643134733825
321,0,3,male,27.0,0,0,7.8958,S,Third,man,True,,Southampton,no,True,0.029092731499125005
322,1,2,female,30.0,0,0,12.35,Q,Second,woman,False,,Queenstown,yes,True,0.045504601688770456
323,1,2,female,22.0,1,1,29.0,S,Second,woman,False,,Southampton,yes,False,0.10685291084812497
325,1,1,female,36.0,0,0,135.6333,C,First,woman,False,C,Cherbourg,yes,True,0.49975216941162026
326,0,3,male,61.0,0,0,6.2375,S,Third,man,True,,Southampton,no,True,0.022982587290178602
327,1,2,female,36.0,0,0,13.0,S,Second,woman,False,D,Southampton,yes,True,0.04789958072502154
328,1,3,female,31.0,1,1,20.525,S,Third,woman,False,,Southampton,yes,False,0.07562606879854361
329,1,1,female,16.0,0,1,57.9792,C,First,woman,False,B,Cherbourg,yes,False,0.21362918236708991
330,1,3,female,28.0,2,0,23.25,Q,Third,woman,False,,Queenstown,yes,False,0.08566655783513467
331,0,1,male,45.5,0,0,28.5,S,First,man,True,C,Southampton,no,True,0.10501061928177799
332,0,1,male,38.0,0,1,153.4625,S,First,man,True,C,Southampton,no,False,0.5654453390010475
333,0,3,male,16.0,2,0,18.0,S,Third,man,True,,Southampton,no,False,0.06632249638849136
334,1,1,female,28.0,1,0,133.65,S,First,woman,False,,Southampton,yes,False,0.49244453568454843
336,0,1,male,29.0,1,0,66.6,S,First,man,True,C,Southampton,no,False,0.245393236637418
337,1,1,female,41.0,0,0,134.5,C,First,woman,False,E,Cherbourg,yes,True,0.49557643134733825
338,1,3,male,45.0,0,0,8.05,S,Third,man,True,,Southampton,yes,True,0.029660894218186417
339,0,1,male,45.0,0,0,35.5,S,First,man,True,,Southampton,no,True,0.13080270121063575
340,1,2,male,2.0,1,1,26.0,S,Second,child,False,F,Southampton,yes,False,0.09579916145004308
341,1,1,female,24.0,3,2,263.0,S,First,woman,False,C,Southampton,yes,False,0.9690453638985127
342,0,2,male,28.0,0,0,13.0,S,Second,man,True,,Southampton,no,True,0.04789958072502154
344,0,2,male,36.0,0,0,13.0,S,Second,man,True,,Southampton,no,True,0.04789958072502154
345,1,2,female,24.0,0,0,13.0,S,Second,woman,False,F,Southampton,yes,True,0.04789958072502154
346,1,2,female,40.0,0,0,13.0,S,Second,woman,False,,Southampton,yes,True,0.04789958072502154
347,1,3,female,28.0,1,0,16.1,S,Third,woman,False,,Southampton,yes,False,0.059321788436372834
348,1,3,male,3.0,1,1,15.9,S,Third,child,False,,Southampton,yes,False,0.05858487180983404
349,0,3,male,42.0,0,0,8.6625,S,Third,man,True,,Southampton,no,True,0.03191770138696147
350,0,3,male,23.0,0,0,9.225,S,Third,man,True,,Southampton,no,True,0.03399027939910182
351,0,1,male,28.0,0,0,35.0,S,First,man,True,C,Southampton,no,True,0.12896040964428876
352,0,3,male,15.0,1,1,7.2292,C,Third,child,False,,Cherbourg,no,False,0.026636588382871206
353,0,3,male,25.0,1,0,17.8,S,Third,man,True,,Southampton,no,False,0.06558557976195256
356,1,1,female,22.0,0,1,55.0,S,First,woman,False,E,Southampton,yes,False,0.20265207229816806
357,0,2,female,38.0,0,0,13.0,S,Second,woman,False,,Southampton,no,True,0.04789958072502154
360,0,3,male,40.0,1,4,27.9,S,Third,man,True,,Southampton,no,False,0.1027998694021616
361,0,2,male,29.0,1,0,27.7208,C,Second,man,True,,Cherbourg,no,False,0.10213959210478285
362,0,3,female,45.0,0,1,14.4542,C,Third,woman,False,,Cherbourg,no,False,0.0532577015165851
363,0,3,male,35.0,0,0,7.05,S,Third,man,True,,Southampton,no,True,0.025976311085492452
365,0,3,male,30.0,0,0,7.25,S,Third,man,True,,Southampton,no,True,0.026713227712031242
366,1,1,female,60.0,1,0,75.25,C,First,woman,False,D,Cherbourg,yes,False,0.2772648807352208
367,1,3,female,28.0,0,0,7.2292,C,Third,woman,False,,Cherbourg,yes,True,0.026636588382871206
369,1,1,female,24.0,0,0,69.3,C,First,woman,False,B,Cherbourg,yes,True,0.25534161109569176
370,1,1,male,25.0,1,0,55.4417,C,First,man,True,E,Cherbourg,yes,False,0.20427955266787895
371,0,3,male,18.0,1,0,6.4958,S,Third,man,True,,Southampton,no,False,0.023934315113353456
372,0,3,male,19.0,0,0,8.05,S,Third,man,True,,Southampton,no,True,0.029660894218186417
373,0,1,male,22.0,0,0,135.6333,C,First,man,True,,Cherbourg,no,True,0.49975216941162026
374,0,3,female,3.0,3,1,21.075,S,Third,child,False,,Southampton,no,False,0.0776525895215253
375,1,1,female,28.0,1,0,82.1708,C,First,woman,False,,Cherbourg,yes,False,0.3027651436799692
376,1,3,female,22.0,0,0,7.25,S,Third,woman,False,,Southampton,yes,True,0.026713227712031242
377,0,1,male,27.0,0,2,211.5,C,First,man,True,C,Cherbourg,no,False,0.7792893325647735
378,0,3,male,20.0,0,0,4.0125,C,Third,man,True,,Cherbourg,no,True,0.014784389819934532
379,0,3,male,19.0,0,0,7.775,S,Third,man,True,,Southampton,no,True,0.028647633856695574
380,1,1,female,42.0,0,0,227.525,C,First,woman,False,,Cherbourg,yes,True,0.8383347772661942
381,1,3,female,1.0,0,2,15.7417,C,Third,child,False,,Cherbourg,yes,False,0.05800160229992858
382,0,3,male,32.0,0,0,7.925,S,Third,man,True,,Southampton,no,True,0.02920032132659967
383,1,1,female,35.0,1,0,52.0,S,First,woman,False,,Southampton,yes,False,0.19159832290008616
385,0,2,male,18.0,0,0,73.5,S,Second,man,True,,Southampton,no,True,0.2708168602530064
386,0,3,male,1.0,5,2,46.9,S,Third,child,False,,Southampton,no,False,0.17280694892334694
387,1,2,female,36.0,0,0,13.0,S,Second,woman,False,,Southampton,yes,True,0.04789958072502154
388,0,3,male,28.0,0,0,7.7292,Q,Third,man,True,,Queenstown,no,True,0.02847887994921819
389,1,2,female,17.0,0,0,12.0,C,Second,woman,False,,Cherbourg,yes,True,0.044214997592327575
390,1,1,male,36.0,1,2,120.0,S,First,man,True,B,Southampton,yes,False,0.4421499759232757
391,1,3,male,21.0,0,0,7.7958,S,Third,man,True,,Southampton,yes,True,0.028724273185855607
392,0,3,male,28.0,2,0,7.925,S,Third,man,True,,Southampton,no,False,0.02920032132659967
393,1,1,female,23.0,1,0,113.275,C,First,woman,False,D,Cherbourg,yes,False,0.4173711543559088
394,1,3,female,24.0,0,2,16.7,S,Third,woman,False,G,Southampton,yes,False,0.061532538315989205
395,0,3,male,22.0,0,0,7.7958,S,Third,man,True,,Southampton,no,True,0.028724273185855607
396,0,3,female,31.0,0,0,7.8542,S,Third,woman,False,,Southampton,no,True,0.028939452840804937
397,0,2,male,46.0,0,0,26.0,S,Second,man,True,,Southampton,no,True,0.09579916145004308
398,0,2,male,23.0,0,0,10.5,S,Second,man,True,,Southampton,no,True,0.038688122893286624
399,1,2,female,28.0,0,0,12.65,S,Second,woman,False,,Southampton,yes,True,0.04660997662857865
400,1,3,male,39.0,0,0,7.925,S,Third,man,True,,Southampton,yes,True,0.02920032132659967
401,0,3,male,26.0,0,0,8.05,S,Third,man,True,,Southampton,no,True,0.029660894218186417
402,0,3,female,21.0,1,0,9.825,S,Third,woman,False,,Southampton,no,False,0.0362010292787182
403,0,3,male,28.0,1,0,15.85,S,Third,man,True,,Southampton,no,False,0.05840064265319934
404,0,3,female,20.0,0,0,8.6625,S,Third,woman,False,,Southampton,no,True,0.03191770138696147
405,0,2,male,34.0,1,0,21.0,S,Second,man,True,,Southampton,no,False,0.07737624578657325
406,0,3,male,51.0,0,0,7.75,S,Third,man,True,,Southampton,no,True,0.028555519278378225
407,1,2,male,3.0,1,1,18.75,S,Second,child,False,,Southampton,yes,False,0.06908593373801183
408,0,3,male,21.0,0,0,7.775,S,Third,man,True,,Southampton,no,True,0.028647633856695574
411,0,3,male,28.0,0,0,6.8583,Q,Third,man,True,,Queenstown,no,True,0.025269976498955016
412,1,1,female,33.0,1,0,90.0,Q,First,woman,False,C,Queenstown,yes,False,0.3316124819424568
414,1,3,male,44.0,0,0,7.925,S,Third,man,True,,Southampton,yes,True,0.02920032132659967
415,0,3,female,28.0,0,0,8.05,S,Third,woman,False,,Southampton,no,True,0.029660894218186417
416,1,2,female,34.0,1,1,32.5,S,Second,woman,False,,Southampton,yes,False,0.11974895181255385
417,1,2,female,18.0,0,2,13.0,S,Second,woman,False,,Southampton,yes,False,0.04789958072502154
419,0,3,female,10.0,0,2,24.15,S,Third,child,False,,Southampton,no,False,0.08898268265455925
421,0,3,male,21.0,0,0,7.7333,Q,Third,man,True,,Queenstown,no,True,0.028493986740062236
422,0,3,male,29.0,0,0,7.875,S,Third,man,True,,Southampton,no,True,0.02901609216996497
423,0,3,female,28.0,1,1,14.4,S,Third,woman,False,,Southampton,no,False,0.05305799711079309
424,0,3,male,18.0,1,1,20.2125,S,Third,man,True,,Southampton,no,False,0.07447463656957676
426,1,2,female,28.0,1,0,26.0,S,Second,woman,False,,Southampton,yes,False,0.09579916145004308
427,1,2,female,19.0,0,0,26.0,S,Second,woman,False,,Southampton,yes,True,0.09579916145004308
429,1,3,male,32.0,0,0,8.05,S,Third,man,True,E,Southampton,yes,True,0.029660894218186417
430,1,1,male,28.0,0,0,26.55,S,First,man,True,C,Southampton,yes,True,0.09782568217302477
432,1,2,female,42.0,1,0,26.0,S,Second,woman,False,,Southampton,yes,False,0.09579916145004308
433,0,3,male,17.0,0,0,7.125,S,Third,man,True,,Southampton,no,True,0.026252654820444497
434,0,1,male,50.0,1,0,55.9,S,First,man,True,E,Southampton,no,False,0.2059681971175926
435,1,1,female,14.0,1,2,120.0,S,First,child,False,B,Southampton,yes,False,0.4421499759232757
436,0,3,female,21.0,2,2,34.375,S,Third,woman,False,,Southampton,no,False,0.12665754518635503
437,1,2,female,24.0,2,3,18.75,S,Second,woman,False,,Southampton,yes,False,0.06908593373801183
438,0,1,male,64.0,1,4,263.0,S,First,man,True,C,Southampton,no,False,0.9690453638985127
439,0,2,male,31.0,0,0,10.5,S,Second,man,True,,Southampton,no,True,0.038688122893286624
440,1,2,female,45.0,1,1,26.25,S,Second,woman,False,,Southampton,yes,False,0.09672030723321656
441,0,3,male,20.0,0,0,9.5,S,Third,man,True,,Southampton,no,True,0.035003539760592665
442,0,3,male,25.0,1,0,7.775,S,Third,man,True,,Southampton,no,False,0.028647633856695574
443,1,2,female,28.0,0,0,13.0,S,Second,woman,False,,Southampton,yes,True,0.04789958072502154
444,1,3,male,28.0,0,0,8.1125,S,Third,man,True,,Southampton,yes,True,0.029891180663979788
445,1,1,male,4.0,0,2,81.8583,S,First,child,False,A,Southampton,yes,False,0.30161371145100235
446,1,2,female,13.0,0,1,19.5,S,Second,child,False,,Southampton,yes,False,0.07184937108753231
447,1,1,male,34.0,0,0,26.55,S,First,man,True,,Southampton,yes,True,0.09782568217302477
448,1,3,female,5.0,2,1,19.2583,C,Third,child,False,,Cherbourg,yes,False,0.07095880734436018
449,1,1,male,52.0,0,0,30.5,S,First,man,True,C,Southampton,yes,True,0.11237978554716592
450,0,2,male,36.0,1,2,27.75,S,Second,man,True,,Southampton,no,False,0.10224718193225751
451,0,3,male,28.0,1,0,19.9667,S,Third,man,True,,Southampton,no,False,0.07356896603556058
452,0,1,male,30.0,0,0,27.75,C,First,man,True,C,Cherbourg,no,True,0.10224718193225751
453,1,1,male,49.0,1,0,89.1042,C,First,man,True,C,Cherbourg,yes,False,0.3283118323721896
455,1,3,male,29.0,0,0,7.8958,C,Third,man,True,,Cherbourg,yes,True,0.029092731499125005
456,0,1,male,65.0,0,0,26.55,S,First,man,True,E,Southampton,no,True,0.09782568217302477
457,1,1,female,28.0,1,0,51.8625,S,First,woman,False,D,Southampton,yes,False,0.19109169271934073
458,1,2,female,50.0,0,0,10.5,S,Second,woman,False,,Southampton,yes,True,0.038688122893286624
460,1,1,male,48.0,0,0,26.55,S,First,man,True,E,Southampton,yes,True,0.09782568217302477
461,0,3,male,34.0,0,0,8.05,S,Third,man,True,,Southampton,no,True,0.029660894218186417
462,0,1,male,47.0,0,0,38.5,S,First,man,True,E,Southampton,no,True,0.14185645060871763
463,0,2,male,48.0,0,0,13.0,S,Second,man,True,,Southampton,no,True,0.04789958072502154
465,0,3,male,38.0,0,0,7.05,S,Third,man,True,,Southampton,no,True,0.025976311085492452
467,0,1,male,56.0,0,0,26.55,S,First,man,True,,Southampton,no,True,0.09782568217302477
468,0,3,male,28.0,0,0,7.725,Q,Third,man,True,,Queenstown,no,True,0.02846340470006087
469,1,3,female,0.75,2,1,19.2583,C,Third,child,False,,Cherbourg,yes,False,0.07095880734436018
471,0,3,male,38.0,0,0,8.6625,S,Third,man,True,,Southampton,no,True,0.03191770138696147
472,1,2,female,33.0,1,2,27.75,S,Second,woman,False,,Southampton,yes,False,0.10224718193225751
473,1,2,female,23.0,0,0,13.7917,C,Second,woman,False,D,Cherbourg,yes,True,0.05081666519117535
474,0,3,female,22.0,0,0,9.8375,S,Third,woman,False,,Southampton,no,True,0.036247086567876875
475,0,1,male,28.0,0,0,52.0,S,First,man,True,A,Southampton,no,True,0.19159832290008616
477,0,3,male,29.0,1,0,7.0458,S,Third,man,True,,Southampton,no,False,0.025960835836335135
478,0,3,male,22.0,0,0,7.5208,S,Third,man,True,,Southampton,no,True,0.02771101282436477
479,1,3,female,2.0,0,1,12.2875,S,Third,child,False,,Southampton,yes,False,0.045274315242977085
480,0,3,male,9.0,5,2,46.9,S,Third,child,False,,Southampton,no,False,0.17280694892334694
482,0,3,male,50.0,0,0,8.05,S,Third,man,True,,Southampton,no,True,0.029660894218186417
483,1,3,female,63.0,0,0,9.5875,S,Third,woman,False,,Southampton,yes,True,0.035325940784703386
484,1,1,male,25.0,1,0,91.0792,C,First,man,True,B,Cherbourg,yes,False,0.33558888405926013
486,1,1,female,35.0,1,0,90.0,S,First,woman,False,C,Southampton,yes,False,0.3316124819424568
487,0,1,male,58.0,0,0,29.7,C,First,man,True,B,Cherbourg,no,True,0.10943211904101074
489,1,3,male,9.0,1,1,15.9,S,Third,child,False,,Southampton,yes,False,0.05858487180983404
491,0,3,male,21.0,0,0,7.25,S,Third,man,True,,Southampton,no,True,0.026713227712031242
492,0,1,male,55.0,0,0,30.5,S,First,man,True,C,Southampton,no,True,0.11237978554716592
493,0,1,male,71.0,0,0,49.5042,C,First,man,True,,Cherbourg,no,True,0.18240234031750854
495,0,3,male,28.0,0,0,14.4583,C,Third,man,True,,Cherbourg,no,True,0.05327280830742915
496,1,1,female,54.0,1,0,78.2667,C,First,woman,False,D,Cherbourg,yes,False,0.2883801626716187
497,0,3,male,28.0,0,0,15.1,S,Third,man,True,,Southampton,no,True,0.055637205303678855
498,0,1,female,25.0,1,2,151.55,S,First,woman,False,C,Southampton,no,False,0.5583985737597704
499,0,3,male,24.0,0,0,7.7958,S,Third,man,True,,Southampton,no,True,0.028724273185855607
501,0,3,female,21.0,0,0,7.75,Q,Third,woman,False,,Queenstown,no,True,0.028555519278378225
502,0,3,female,28.0,0,0,7.6292,Q,Third,woman,False,,Queenstown,no,True,0.028110421635948797
503,0,3,female,37.0,0,0,9.5875,S,Third,woman,False,,Southampton,no,True,0.035325940784703386
504,1,1,female,16.0,0,0,86.5,S,First,woman,False,B,Southampton,yes,True,0.3187164409780279
505,0,1,male,18.0,1,0,108.9,C,First,man,True,C,Cherbourg,no,False,0.40125110315037277
506,1,2,female,33.0,0,2,26.0,S,Second,woman,False,,Southampton,yes,False,0.09579916145004308
507,1,1,male,28.0,0,0,26.55,S,First,man,True,,Southampton,yes,True,0.09782568217302477
508,0,3,male,28.0,0,0,22.525,S,Third,man,True,,Southampton,no,True,0.08299523506393154
509,1,3,male,26.0,0,0,56.4958,S,Third,man,True,,Southampton,yes,True,0.2081634717480517
510,1,3,male,29.0,0,0,7.75,Q,Third,man,True,,Queenstown,yes,True,0.028555519278378225
512,1,1,male,36.0,0,0,26.2875,S,First,man,True,E,Southampton,yes,True,0.09685847910069259
513,1,1,female,54.0,1,0,59.4,C,First,woman,False,,Cherbourg,yes,False,0.2188642380820215
514,0,3,male,24.0,0,0,7.4958,S,Third,man,True,,Southampton,no,True,0.02761889824604742
515,0,1,male,47.0,0,0,34.0208,S,First,man,True,D,Southampton,no,True,0.12535246584075482
516,1,2,female,34.0,0,0,10.5,S,Second,woman,False,F,Southampton,yes,True,0.038688122893286624
517,0,3,male,28.0,0,0,24.15,Q,Third,man,True,,Queenstown,no,True,0.08898268265455925
518,1,2,female,36.0,1,0,26.0,S,Second,woman,False,,Southampton,yes,False,0.09579916145004308
519,0,3,male,32.0,0,0,7.8958,S,Third,man,True,,Southampton,no,True,0.029092731499125005
520,1,1,female,30.0,0,0,93.5,S,First,woman,False,B,Southampton,yes,True,0.34450852290688566
523,1,1,female,44.0,0,1,57.9792,C,First,woman,False,B,Cherbourg,yes,False,0.21362918236708991
524,0,3,male,28.0,0,0,7.2292,C,Third,man,True,,Cherbourg,no,True,0.026636588382871206
525,0,3,male,40.5,0,0,7.75,Q,Third,man,True,,Queenstown,no,True,0.028555519278378225
527,0,1,male,28.0,0,0,221.7792,S,First,man,True,C,Southampton,no,True,0.8171638995023612
528,0,3,male,39.0,0,0,7.925,S,Third,man,True,,Southampton,no,True,0.02920032132659967
529,0,2,male,23.0,2,1,11.5,S,Second,man,True,,Southampton,no,False,0.042372706025980596
530,1,2,female,2.0,1,1,26.0,S,Second,child,False,,Southampton,yes,False,0.09579916145004308
532,0,3,male,17.0,1,1,7.2292,C,Third,man,True,,Cherbourg,no,False,0.026636588382871206
533,1,3,female,28.0,0,2,22.3583,C,Third,woman,False,,Cherbourg,yes,False,0.08238101505571147
534,0,3,female,30.0,0,0,8.6625,S,Third,woman,False,,Southampton,no,True,0.03191770138696147
535,1,2,female,7.0,0,2,26.25,S,Second,child,False,,Southampton,yes,False,0.09672030723321656
536,0,1,male,45.0,0,0,26.55,S,First,man,True,B,Southampton,no,True,0.09782568217302477
537,1,1,female,30.0,0,0,106.425,C,First,woman,False,,Cherbourg,yes,True,0.39213175989695515
538,0,3,male,28.0,0,0,14.5,S,Third,man,True,,Southampton,no,True,0.053426455424062484
539,1,1,female,22.0,0,2,49.5,C,First,woman,False,B,Cherbourg,yes,False,0.18238686506835125
540,1,1,female,36.0,0,2,71.0,S,First,woman,False,B,Southampton,yes,False,0.2616054024212715
541,0,3,female,9.0,4,2,31.275,S,Third,child,False,,Southampton,no,False,0.11523533747500372
542,0,3,female,11.0,4,2,31.275,S,Third,child,False,,Southampton,no,False,0.11523533747500372
543,1,2,male,32.0,1,0,26.0,S,Second,man,True,,Southampton,yes,False,0.09579916145004308
544,0,1,male,50.0,1,0,106.425,C,First,man,True,C,Cherbourg,no,False,0.39213175989695515
545,0,1,male,64.0,0,0,26.0,S,First,man,True,,Southampton,no,True,0.09579916145004308
546,1,2,female,19.0,1,0,26.0,S,Second,woman,False,,Southampton,yes,False,0.09579916145004308
547,1,2,male,28.0,0,0,13.8625,C,Second,man,True,,Cherbourg,yes,True,0.051077533676970086
548,0,3,male,33.0,1,1,20.525,S,Third,man,True,,Southampton,no,False,0.07562606879854361
549,1,2,male,8.0,1,1,36.75,S,Second,child,False,,Southampton,yes,False,0.1354084301265032
550,1,1,male,17.0,0,2,110.8833,C,First,man,True,C,Cherbourg,yes,False,0.40855873687744465
551,0,2,male,27.0,0,0,26.0,S,Second,man,True,,Southampton,no,True,0.09579916145004308
552,0,3,male,28.0,0,0,7.8292,Q,Third,man,True,,Queenstown,no,True,0.028847338262487587
553,1,3,male,22.0,0,0,7.225,C,Third,man,True,,Cherbourg,yes,True,0.02662111313371389
554,1,3,female,22.0,0,0,7.775,S,Third,woman,False,,Southampton,yes,True,0.028647633856695574
555,0,1,male,62.0,0,0,26.55,S,First,man,True,,Southampton,no,True,0.09782568217302477
556,1,1,female,48.0,1,0,39.6,C,First,woman,False,A,Cherbourg,yes,False,0.145909492054681
557,0,1,male,28.0,0,0,227.525,C,First,man,True,,Cherbourg,no,True,0.8383347772661942
558,1,1,female,39.0,1,1,79.65,S,First,woman,False,E,Southampton,yes,False,0.2934770465190743
559,1,3,female,36.0,1,0,17.4,S,Third,woman,False,,Southampton,yes,False,0.06411174650887498
561,0,3,male,40.0,0,0,7.8958,S,Third,man,True,,Southampton,no,True,0.029092731499125005
562,0,2,male,28.0,0,0,13.5,S,Second,man,True,,Southampton,no,True,0.04974187229136852
565,0,3,male,24.0,2,0,24.15,S,Third,man,True,,Southampton,no,False,0.08898268265455925
566,0,3,male,19.0,0,0,7.8958,S,Third,man,True,,Southampton,no,True,0.029092731499125005
567,0,3,female,29.0,0,4,21.075,S,Third,woman,False,,Southampton,no,False,0.0776525895215253
569,1,3,male,32.0,0,0,7.8542,S,Third,man,True,,Southampton,yes,True,0.028939452840804937
570,1,2,male,62.0,0,0,10.5,S,Second,man,True,,Southampton,yes,True,0.038688122893286624
571,1,1,female,53.0,2,0,51.4792,S,First,woman,False,C,Southampton,yes,False,0.18967939200457914
572,1,1,male,36.0,0,0,26.3875,S,First,man,True,E,Southampton,yes,True,0.09722693741396199
574,0,3,male,16.0,0,0,8.05,S,Third,man,True,,Southampton,no,True,0.029660894218186417
575,0,3,male,19.0,0,0,14.5,S,Third,man,True,,Southampton,no,True,0.053426455424062484
576,1,2,female,34.0,0,0,13.0,S,Second,woman,False,,Southampton,yes,True,0.04789958072502154
577,1,1,female,39.0,1,0,55.9,S,First,woman,False,E,Southampton,yes,False,0.2059681971175926
578,0,3,female,28.0,1,0,14.4583,C,Third,woman,False,,Cherbourg,no,False,0.05327280830742915
579,1,3,male,32.0,0,0,7.925,S,Third,man,True,,Southampton,yes,True,0.02920032132659967
580,1,2,female,25.0,1,1,30.0,S,Second,woman,False,,Southampton,yes,False,0.11053749398081893
581,1,1,female,39.0,1,1,110.8833,C,First,woman,False,C,Cherbourg,yes,False,0.40855873687744465
582,0,2,male,54.0,0,0,26.0,S,Second,man,True,,Southampton,no,True,0.09579916145004308
583,0,1,male,36.0,0,0,40.125,C,First,man,True,A,Cherbourg,no,True,0.14784389819934532
584,0,3,male,28.0,0,0,8.7125,C,Third,man,True,,Cherbourg,no,True,0.03210193054359616
585,1,1,female,18.0,0,2,79.65,S,First,woman,False,E,Southampton,yes,False,0.2934770465190743
586,0,2,male,47.0,0,0,15.0,S,Second,man,True,,Southampton,no,True,0.05526874699040946
587,1,1,male,60.0,1,1,79.2,C,First,man,True,B,Cherbourg,yes,False,0.291818984109362
590,0,3,male,35.0,0,0,7.125,S,Third,man,True,,Southampton,no,True,0.026252654820444497
591,1,1,female,52.0,1,0,78.2667,C,First,woman,False,D,Cherbourg,yes,False,0.2883801626716187
592,0,3,male,47.0,0,0,7.25,S,Third,man,True,,Southampton,no,True,0.026713227712031242
593,0,3,female,28.0,0,2,7.75,Q,Third,woman,False,,Queenstown,no,False,0.028555519278378225
594,0,2,male,37.0,1,0,26.0,S,Second,man,True,,Southampton,no,False,0.09579916145004308
595,0,3,male,36.0,1,1,24.15,S,Third,man,True,,Southampton,no,False,0.08898268265455925
596,1,2,female,28.0,0,0,33.0,S,Second,woman,False,,Southampton,yes,True,0.12159124337890084
597,0,3,male,49.0,0,0,0.0,S,Third,man,True,,Southampton,no,True,0.0
599,1,1,male,49.0,1,0,56.9292,C,First,man,True,A,Cherbourg,yes,False,0.20976037007776124
600,1,2,female,24.0,2,1,27.0,S,Second,woman,False,,Southampton,yes,False,0.09948374458273704
602,0,1,male,28.0,0,0,42.4,S,First,man,True,,Southampton,no,True,0.1562263248262241
603,0,3,male,44.0,0,0,8.05,S,Third,man,True,,Southampton,no,True,0.029660894218186417
604,1,1,male,35.0,0,0,26.55,C,First,man,True,,Cherbourg,yes,True,0.09782568217302477
605,0,3,male,36.0,1,0,15.55,S,Third,man,True,,Southampton,no,False,0.05729526771339115
606,0,3,male,30.0,0,0,7.8958,S,Third,man,True,,Southampton,no,True,0.029092731499125005
607,1,1,male,27.0,0,0,30.5,S,First,man,True,,Southampton,yes,True,0.11237978554716592
608,1,2,female,22.0,1,2,41.5792,C,Second,woman,False,,Cherbourg,yes,False,0.1532020189909089
609,1,1,female,40.0,0,0,153.4625,S,First,woman,False,C,Southampton,yes,True,0.5654453390010475
610,0,3,female,39.0,1,5,31.275,S,Third,woman,False,,Southampton,no,False,0.11523533747500372
611,0,3,male,28.0,0,0,7.05,S,Third,man,True,,Southampton,no,True,0.025976311085492452
615,1,2,female,24.0,1,2,65.0,S,Second,woman,False,,Southampton,yes,False,0.2394979036251077
616,0,3,male,34.0,1,1,14.4,S,Third,man,True,,Southampton,no,False,0.05305799711079309
617,0,3,female,26.0,1,0,16.1,S,Third,woman,False,,Southampton,no,False,0.059321788436372834
618,1,2,female,4.0,2,1,39.0,S,Second,child,False,F,Southampton,yes,False,0.14369874217506462
619,0,2,male,26.0,0,0,10.5,S,Second,man,True,,Southampton,no,True,0.038688122893286624
620,0,3,male,27.0,1,0,14.4542,C,Third,man,True,,Cherbourg,no,False,0.0532577015165851
621,1,1,male,42.0,1,0,52.5542,S,First,man,True,D,Southampton,yes,False,0.19364031887222516
622,1,3,male,20.0,1,1,15.7417,C,Third,man,True,,Cherbourg,yes,False,0.05800160229992858
623,0,3,male,21.0,0,0,7.8542,S,Third,man,True,,Southampton,no,True,0.028939452840804937
624,0,3,male,21.0,0,0,16.1,S,Third,man,True,,Southampton,no,True,0.059321788436372834
625,0,1,male,61.0,0,0,32.3208,S,First,man,True,D,Southampton,no,True,0.11908867451517507
626,0,2,male,57.0,0,0,12.35,Q,Second,man,True,,Queenstown,no,True,0.045504601688770456
627,1,1,female,21.0,0,0,77.9583,S,First,woman,False,D,Southampton,yes,True,0.28724383723349584
628,0,3,male,26.0,0,0,7.8958,S,Third,man,True,,Southampton,no,True,0.029092731499125005
629,0,3,male,28.0,0,0,7.7333,Q,Third,man,True,,Queenstown,no,True,0.028493986740062236
630,1,1,male,80.0,0,0,30.0,S,First,man,True,A,Southampton,yes,True,0.11053749398081893
631,0,3,male,51.0,0,0,7.0542,S,Third,man,True,,Southampton,no,True,0.025991786334649762
632,1,1,male,32.0,0,0,30.5,C,First,man,True,B,Cherbourg,yes,True,0.11237978554716592
633,0,1,male,28.0,0,0,0.0,S,First,man,True,,Southampton,no,True,0.0
634,0,3,female,9.0,3,2,27.9,S,Third,child,False,,Southampton,no,False,0.1027998694021616
637,0,2,male,31.0,1,1,26.25,S,Second,man,True,,Southampton,no,False,0.09672030723321656
638,0,3,female,41.0,0,5,39.6875,S,Third,woman,False,,Southampton,no,False,0.14623189307879172
639,0,3,male,28.0,1,0,16.1,S,Third,man,True,,Southampton,no,False,0.059321788436372834
642,0,3,female,2.0,3,2,27.9,S,Third,child,False,,Southampton,no,False,0.1027998694021616
643,1,3,male,28.0,0,0,56.4958,S,Third,man,True,,Southampton,yes,True,0.2081634717480517
645,1,1,male,48.0,1,0,76.7292,C,First,man,True,D,Cherbourg,yes,False,0.28271511610510175
647,1,1,male,56.0,0,0,35.5,C,First,man,True,A,Cherbourg,yes,True,0.13080270121063575
648,0,3,male,28.0,0,0,7.55,S,Third,man,True,,Southampton,no,True,0.027818602651839427
649,1,3,female,23.0,0,0,7.55,S,Third,woman,False,,Southampton,yes,True,0.027818602651839427
651,1,2,female,18.0,0,1,23.0,S,Second,woman,False,,Southampton,yes,False,0.08474541205196119
652,0,3,male,21.0,0,0,8.4333,S,Third,man,True,,Southampton,no,True,0.031073194932948005
653,1,3,female,28.0,0,0,7.8292,Q,Third,woman,False,,Queenstown,yes,True,0.028847338262487587
654,0,3,female,18.0,0,0,6.75,Q,Third,woman,False,,Queenstown,no,True,0.02487093614568426
655,0,2,male,24.0,2,0,73.5,S,Second,man,True,,Southampton,no,False,0.2708168602530064
657,0,3,female,32.0,1,1,15.5,Q,Third,woman,False,,Queenstown,no,False,0.05711103855675645
658,0,2,male,23.0,0,0,13.0,S,Second,man,True,,Southampton,no,True,0.04789958072502154
659,0,1,male,58.0,0,2,113.275,C,First,man,True,D,Cherbourg,no,False,0.4173711543559088
660,1,1,male,50.0,2,0,133.65,S,First,man,True,,Southampton,yes,False,0.49244453568454843
661,0,3,male,40.0,0,0,7.225,C,Third,man,True,,Cherbourg,no,True,0.02662111313371389
662,0,1,male,47.0,0,0,25.5875,S,First,man,True,E,Southampton,no,True,0.09427927090780681
663,0,3,male,36.0,0,0,7.4958,S,Third,man,True,,Southampton,no,True,0.02761889824604742
664,1,3,male,20.0,1,0,7.925,S,Third,man,True,,Southampton,yes,False,0.02920032132659967
665,0,2,male,32.0,2,0,73.5,S,Second,man,True,,Southampton,no,False,0.2708168602530064
667,0,3,male,28.0,0,0,7.775,S,Third,man,True,,Southampton,no,True,0.028647633856695574
668,0,3,male,43.0,0,0,8.05,S,Third,man,True,,Southampton,no,True,0.029660894218186417
669,1,1,female,28.0,1,0,52.0,S,First,woman,False,C,Southampton,yes,False,0.19159832290008616
670,1,2,female,40.0,1,1,39.0,S,Second,woman,False,,Southampton,yes,False,0.14369874217506462
671,0,1,male,31.0,1,0,52.0,S,First,man,True,B,Southampton,no,False,0.19159832290008616
672,0,2,male,70.0,0,0,10.5,S,Second,man,True,,Southampton,no,True,0.038688122893286624
673,1,2,male,31.0,0,0,13.0,S,Second,man,True,,Southampton,yes,True,0.04789958072502154
675,0,3,male,18.0,0,0,7.775,S,Third,man,True,,Southampton,no,True,0.028647633856695574
676,0,3,male,24.5,0,0,8.05,S,Third,man,True,,Southampton,no,True,0.029660894218186417
677,1,3,female,18.0,0,0,9.8417,S,Third,woman,False,,Southampton,yes,True,0.03626256181703419
678,0,3,female,43.0,1,6,46.9,S,Third,woman,False,,Southampton,no,False,0.17280694892334694
679,1,1,male,36.0,0,1,512.3292,C,First,man,True,B,Cherbourg,yes,False,1.8877195287065927
680,0,3,female,28.0,0,0,8.1375,Q,Third,woman,False,,Queenstown,no,True,0.02998329524229713
681,1,1,male,27.0,0,0,76.7292,C,First,man,True,D,Cherbourg,yes,True,0.28271511610510175
682,0,3,male,20.0,0,0,9.225,S,Third,man,True,,Southampton,no,True,0.03399027939910182
683,0,3,male,14.0,5,2,46.9,S,Third,child,False,,Southampton,no,False,0.17280694892334694
684,0,2,male,60.0,1,1,39.0,S,Second,man,True,,Southampton,no,False,0.14369874217506462
685,0,2,male,25.0,1,2,41.5792,C,Second,man,True,,Cherbourg,no,False,0.1532020189909089
686,0,3,male,14.0,4,1,39.6875,S,Third,child,False,,Southampton,no,False,0.14623189307879172
687,0,3,male,19.0,0,0,10.1708,S,Third,man,True,,Southampton,no,True,0.03747515812600378
688,0,3,male,18.0,0,0,7.7958,S,Third,man,True,,Southampton,no,True,0.028724273185855607
689,1,1,female,15.0,0,1,211.3375,S,First,child,False,B,Southampton,yes,False,0.7786905878057108
690,1,1,male,31.0,1,0,57.0,S,First,man,True,B,Southampton,yes,False,0.21002123856355598
691,1,3,female,4.0,0,1,13.4167,C,Third,child,False,,Cherbourg,yes,False,0.04943494651641512
693,0,3,male,25.0,0,0,7.225,C,Third,man,True,,Cherbourg,no,True,0.02662111313371389
694,0,1,male,60.0,0,0,26.55,S,First,man,True,,Southampton,no,True,0.09782568217302477
695,0,2,male,52.0,0,0,13.5,S,Second,man,True,,Southampton,no,True,0.04974187229136852
697,1,3,female,28.0,0,0,7.7333,Q,Third,woman,False,,Queenstown,yes,True,0.028493986740062236
698,0,1,male,49.0,1,1,110.8833,C,First,man,True,C,Cherbourg,no,False,0.40855873687744465
699,0,3,male,42.0,0,0,7.65,S,Third,man,True,F,Southampton,no,True,0.028187060965108826
700,1,1,female,18.0,1,0,227.525,C,First,woman,False,C,Cherbourg,yes,False,0.8383347772661942
701,1,1,male,35.0,0,0,26.2875,S,First,man,True,E,Southampton,yes,True,0.09685847910069259
702,0,3,female,18.0,0,1,14.4542,C,Third,woman,False,,Cherbourg,no,False,0.0532577015165851
703,0,3,male,25.0,0,0,7.7417,Q,Third,man,True,,Queenstown,no,True,0.028524937238376864
704,0,3,male,26.0,1,0,7.8542,S,Third,man,True,,Southampton,no,False,0.028939452840804937
705,0,2,male,39.0,0,0,26.0,S,Second,man,True,,Southampton,no,True,0.09579916145004308
706,1,2,female,45.0,0,0,13.5,S,Second,woman,False,,Southampton,yes,True,0.04974187229136852
707,1,1,male,42.0,0,0,26.2875,S,First,man,True,E,Southampton,yes,True,0.09685847910069259
708,1,1,female,22.0,0,0,151.55,S,First,woman,False,,Southampton,yes,True,0.5583985737597704
710,1,1,female,24.0,0,0,49.5042,C,First,woman,False,C,Cherbourg,yes,True,0.18240234031750854
711,0,1,male,28.0,0,0,26.55,S,First,man,True,C,Southampton,no,True,0.09782568217302477
712,1,1,male,48.0,1,0,52.0,S,First,man,True,C,Southampton,yes,False,0.19159832290008616
713,0,3,male,29.0,0,0,9.4833,S,Third,man,True,,Southampton,no,True,0.03494200722227667
714,0,2,male,52.0,0,0,13.0,S,Second,man,True,,Southampton,no,True,0.04789958072502154
715,0,3,male,19.0,0,0,7.65,S,Third,man,True,F,Southampton,no,True,0.028187060965108826
716,1,1,female,38.0,0,0,227.525,C,First,woman,False,C,Cherbourg,yes,True,0.8383347772661942
717,1,2,female,27.0,0,0,10.5,S,Second,woman,False,E,Southampton,yes,True,0.038688122893286624
718,0,3,male,28.0,0,0,15.5,Q,Third,man,True,,Queenstown,no,True,0.05711103855675645
719,0,3,male,33.0,0,0,7.775,S,Third,man,True,,Southampton,no,True,0.028647633856695574
720,1,2,female,6.0,0,1,33.0,S,Second,child,False,,Southampton,yes,False,0.12159124337890084
721,0,3,male,17.0,1,0,7.0542,S,Third,man,True,,Southampton,no,False,0.025991786334649762
722,0,2,male,34.0,0,0,13.0,S,Second,man,True,,Southampton,no,True,0.04789958072502154
723,0,2,male,50.0,0,0,13.0,S,Second,man,True,,Southampton,no,True,0.04789958072502154
724,1,1,male,27.0,1,0,53.1,S,First,man,True,E,Southampton,yes,False,0.19565136434604954
725,0,3,male,20.0,0,0,8.6625,S,Third,man,True,,Southampton,no,True,0.03191770138696147
726,1,2,female,30.0,3,0,21.0,S,Second,woman,False,,Southampton,yes,False,0.07737624578657325
727,1,3,female,28.0,0,0,7.7375,Q,Third,woman,False,,Queenstown,yes,True,0.028509461989219546
728,0,2,male,25.0,1,0,26.0,S,Second,man,True,,Southampton,no,False,0.09579916145004308
729,0,3,female,25.0,1,0,7.925,S,Third,woman,False,,Southampton,no,False,0.02920032132659967
730,1,1,female,29.0,0,0,211.3375,S,First,woman,False,B,Southampton,yes,True,0.7786905878057108
731,0,3,male,11.0,0,0,18.7875,C,Third,child,False,,Cherbourg,no,True,0.06922410560548786
735,0,3,male,28.5,0,0,16.1,S,Third,man,True,,Southampton,no,True,0.059321788436372834
736,0,3,female,48.0,1,3,34.375,S,Third,woman,False,,Southampton,no,False,0.12665754518635503
737,1,1,male,35.0,0,0,512.3292,C,First,man,True,B,Cherbourg,yes,True,1.8877195287065927
740,1,1,male,28.0,0,0,30.0,S,First,man,True,D,Southampton,yes,True,0.11053749398081893
741,0,1,male,36.0,1,0,78.85,S,First,man,True,C,Southampton,no,False,0.2905293800129191
742,1,1,female,21.0,2,2,262.375,C,First,woman,False,B,Cherbourg,yes,False,0.966742499440579
743,0,3,male,24.0,1,0,16.1,S,Third,man,True,,Southampton,no,False,0.059321788436372834
744,1,3,male,31.0,0,0,7.925,S,Third,man,True,,Southampton,yes,True,0.02920032132659967
745,0,1,male,70.0,1,1,71.0,S,First,man,True,B,Southampton,no,False,0.2616054024212715
746,0,3,male,16.0,1,1,20.25,S,Third,man,True,,Southampton,no,False,0.07461280843705279
747,1,2,female,30.0,0,0,13.0,S,Second,woman,False,,Southampton,yes,True,0.04789958072502154
748,0,1,male,19.0,1,0,53.1,S,First,man,True,D,Southampton,no,False,0.19565136434604954
749,0,3,male,31.0,0,0,7.75,Q,Third,man,True,,Queenstown,no,True,0.028555519278378225
750,1,2,female,4.0,1,1,23.0,S,Second,child,False,,Southampton,yes,False,0.08474541205196119
751,1,3,male,6.0,0,1,12.475,S,Third,child,False,E,Southampton,yes,False,0.045965174580357204
752,0,3,male,33.0,0,0,9.5,S,Third,man,True,,Southampton,no,True,0.035003539760592665
753,0,3,male,23.0,0,0,7.8958,S,Third,man,True,,Southampton,no,True,0.029092731499125005
754,1,2,female,48.0,1,2,65.0,S,Second,woman,False,,Southampton,yes,False,0.2394979036251077
755,1,2,male,0.67,1,1,14.5,S,Second,child,False,,Southampton,yes,False,0.053426455424062484
756,0,3,male,28.0,0,0,7.7958,S,Third,man,True,,Southampton,no,True,0.028724273185855607
759,1,1,female,33.0,0,0,86.5,S,First,woman,False,B,Southampton,yes,True,0.3187164409780279
761,0,3,male,41.0,0,0,7.125,S,Third,man,True,,Southampton,no,True,0.026252654820444497
762,1,3,male,20.0,0,0,7.2292,C,Third,man,True,,Cherbourg,yes,True,0.026636588382871206
763,1,1,female,36.0,1,2,120.0,S,First,woman,False,B,Southampton,yes,False,0.4421499759232757
764,0,3,male,16.0,0,0,7.775,S,Third,man,True,,Southampton,no,True,0.028647633856695574
765,1,1,female,51.0,1,0,77.9583,S,First,woman,False,D,Southampton,yes,False,0.28724383723349584
766,0,1,male,28.0,0,0,39.6,C,First,man,True,,Cherbourg,no,True,0.145909492054681
767,0,3,female,30.5,0,0,7.75,Q,Third,woman,False,,Queenstown,no,True,0.028555519278378225
768,0,3,male,28.0,1,0,24.15,Q,Third,man,True,,Queenstown,no,False,0.08898268265455925
769,0,3,male,32.0,0,0,8.3625,S,Third,man,True,,Southampton,no,True,0.030812326447153284
770,0,3,male,24.0,0,0,9.5,S,Third,man,True,,Southampton,no,True,0.035003539760592665
771,0,3,male,48.0,0,0,7.8542,S,Third,man,True,,Southampton,no,True,0.028939452840804937
772,0,2,female,57.0,0,0,10.5,S,Second,woman,False,E,Southampton,no,True,0.038688122893286624
774,1,2,female,54.0,1,3,23.0,S,Second,woman,False,,Southampton,yes,False,0.08474541205196119
775,0,3,male,18.0,0,0,7.75,S,Third,man,True,,Southampton,no,True,0.028555519278378225
776,0,3,male,28.0,0,0,7.75,Q,Third,man,True,F,Queenstown,no,True,0.028555519278378225
777,1,3,female,5.0,0,0,12.475,S,Third,child,False,,Southampton,yes,True,0.045965174580357204
778,0,3,male,28.0,0,0,7.7375,Q,Third,man,True,,Queenstown,no,True,0.028509461989219546
779,1,1,female,43.0,0,1,211.3375,S,First,woman,False,B,Southampton,yes,False,0.7786905878057108
780,1,3,female,13.0,0,0,7.2292,C,Third,child,False,,Cherbourg,yes,True,0.026636588382871206
781,1,1,female,17.0,1,0,57.0,S,First,woman,False,B,Southampton,yes,False,0.21002123856355598
782,0,1,male,29.0,0,0,30.0,S,First,man,True,D,Southampton,no,True,0.11053749398081893
783,0,3,male,28.0,1,2,23.45,S,Third,man,True,,Southampton,no,False,0.08640347446167347
784,0,3,male,25.0,0,0,7.05,S,Third,man,True,,Southampton,no,True,0.025976311085492452
785,0,3,male,25.0,0,0,7.25,S,Third,man,True,,Southampton,no,True,0.026713227712031242
786,1,3,female,18.0,0,0,7.4958,S,Third,woman,False,,Southampton,yes,True,0.02761889824604742
787,0,3,male,8.0,4,1,29.125,Q,Third,child,False,,Queenstown,no,False,0.10731348373971172
788,1,3,male,1.0,1,2,20.575,S,Third,child,False,,Southampton,yes,False,0.07581029795517832
789,0,1,male,46.0,0,0,79.2,C,First,man,True,B,Cherbourg,no,True,0.291818984109362
791,0,2,male,16.0,0,0,26.0,S,Second,man,True,,Southampton,no,True,0.09579916145004308
793,0,1,male,28.0,0,0,30.6958,C,First,man,True,,Cherbourg,no,True,0.11310122692454738
794,0,3,male,25.0,0,0,7.8958,S,Third,man,True,,Southampton,no,True,0.029092731499125005
795,0,2,male,39.0,0,0,13.0,S,Second,man,True,,Southampton,no,True,0.04789958072502154
796,1,1,female,49.0,0,0,25.9292,S,First,woman,False,D,Southampton,yes,True,0.09553829296424834
797,1,3,female,31.0,0,0,8.6833,S,Third,woman,False,,Southampton,yes,True,0.0319943407161215
798,0,3,male,30.0,0,0,7.2292,C,Third,man,True,,Cherbourg,no,True,0.026636588382871206
799,0,3,female,30.0,1,1,24.15,S,Third,woman,False,,Southampton,no,False,0.08898268265455925
801,1,2,female,31.0,1,1,26.25,S,Second,woman,False,,Southampton,yes,False,0.09672030723321656
802,1,1,male,11.0,1,2,120.0,S,First,child,False,B,Southampton,yes,False,0.4421499759232757
803,1,3,male,0.42,0,1,8.5167,C,Third,child,False,,Cherbourg,yes,False,0.03138048916621469
804,1,3,male,27.0,0,0,6.975,S,Third,man,True,,Southampton,yes,True,0.0256999673505404
805,0,3,male,31.0,0,0,7.775,S,Third,man,True,,Southampton,no,True,0.028647633856695574
806,0,1,male,39.0,0,0,0.0,S,First,man,True,A,Southampton,no,True,0.0
807,0,3,female,18.0,0,0,7.775,S,Third,woman,False,,Southampton,no,True,0.028647633856695574
809,1,1,female,33.0,1,0,53.1,S,First,woman,False,E,Southampton,yes,False,0.19565136434604954
810,0,3,male,26.0,0,0,7.8875,S,Third,man,True,,Southampton,no,True,0.029062149459123648
811,0,3,male,39.0,0,0,24.15,S,Third,man,True,,Southampton,no,True,0.08898268265455925
812,0,2,male,35.0,0,0,10.5,S,Second,man,True,,Southampton,no,True,0.038688122893286624
813,0,3,female,6.0,4,2,31.275,S,Third,child,False,,Southampton,no,False,0.11523533747500372
814,0,3,male,30.5,0,0,8.05,S,Third,man,True,,Southampton,no,True,0.029660894218186417
815,0,1,male,28.0,0,0,0.0,S,First,man,True,B,Southampton,no,True,0.0
816,0,3,female,23.0,0,0,7.925,S,Third,woman,False,,Southampton,no,True,0.02920032132659967
817,0,2,male,31.0,1,1,37.0042,C,Second,man,True,,Cherbourg,no,False,0.136345051158834
818,0,3,male,43.0,0,0,6.45,S,Third,man,True,,Southampton,no,True,0.02376556120587607
819,0,3,male,10.0,3,2,27.9,S,Third,child,False,,Southampton,no,False,0.1027998694021616
820,1,1,female,52.0,1,1,93.5,S,First,woman,False,B,Southampton,yes,False,0.34450852290688566
821,1,3,male,27.0,0,0,8.6625,S,Third,man,True,,Southampton,yes,True,0.03191770138696147
822,0,1,male,38.0,0,0,0.0,S,First,man,True,,Southampton,no,True,0.0
823,1,3,female,27.0,0,1,12.475,S,Third,woman,False,E,Southampton,yes,False,0.045965174580357204
824,0,3,male,2.0,4,1,39.6875,S,Third,child,False,,Southampton,no,False,0.14623189307879172
825,0,3,male,28.0,0,0,6.95,Q,Third,man,True,,Queenstown,no,True,0.025607852772223053
827,1,2,male,1.0,0,2,37.0042,C,Second,child,False,,Cherbourg,yes,False,0.136345051158834
828,1,3,male,28.0,0,0,7.75,Q,Third,man,True,,Queenstown,yes,True,0.028555519278378225
829,1,1,female,62.0,0,0,80.0,Unknown,First,woman,False,B,,yes,True,0.29476665061551716
830,1,3,female,15.0,1,0,14.4542,C,Third,child,False,,Cherbourg,yes,False,0.0532577015165851
831,1,2,male,0.83,1,1,18.75,S,Second,child,False,,Southampton,yes,False,0.06908593373801183
833,0,3,male,23.0,0,0,7.8542,S,Third,man,True,,Southampton,no,True,0.028939452840804937
834,0,3,male,18.0,0,0,8.3,S,Third,man,True,,Southampton,no,True,0.030582040001359907
835,1,1,female,39.0,1,1,83.1583,C,First,woman,False,E,Cherbourg,yes,False,0.3064036695235045
836,0,3,male,21.0,0,0,8.6625,S,Third,man,True,,Southampton,no,True,0.03191770138696147
839,1,1,male,28.0,0,0,29.7,C,First,man,True,C,Cherbourg,yes,True,0.10943211904101074
840,0,3,male,20.0,0,0,7.925,S,Third,man,True,,Southampton,no,True,0.02920032132659967
841,0,2,male,16.0,0,0,10.5,S,Second,man,True,,Southampton,no,True,0.038688122893286624
842,1,1,female,30.0,0,0,31.0,C,First,woman,False,,Cherbourg,yes,True,0.1142220771135129
843,0,3,male,34.5,0,0,6.4375,C,Third,man,True,,Cherbourg,no,True,0.023719503916717396
845,0,3,male,42.0,0,0,7.55,S,Third,man,True,,Southampton,no,True,0.027818602651839427
847,0,3,male,35.0,0,0,7.8958,C,Third,man,True,,Cherbourg,no,True,0.029092731499125005
848,0,2,male,28.0,0,1,33.0,S,Second,man,True,,Southampton,no,False,0.12159124337890084
849,1,1,female,28.0,1,0,89.1042,C,First,woman,False,C,Cherbourg,yes,False,0.3283118323721896
850,0,3,male,4.0,4,2,31.275,S,Third,child,False,,Southampton,no,False,0.11523533747500372
851,0,3,male,74.0,0,0,7.775,S,Third,man,True,,Southampton,no,True,0.028647633856695574
852,0,3,female,9.0,1,1,15.2458,C,Third,child,False,,Cherbourg,no,False,0.05617441752442564
853,1,1,female,16.0,0,1,39.4,S,First,woman,False,D,Southampton,yes,False,0.1451725754281422
854,0,2,female,44.0,1,0,26.0,S,Second,woman,False,,Southampton,no,False,0.09579916145004308
855,1,3,female,18.0,0,1,9.35,S,Third,woman,False,,Southampton,yes,False,0.03445085229068856
856,1,1,female,45.0,1,1,164.8667,S,First,woman,False,,Southampton,yes,False,0.607465061962916
857,1,1,male,51.0,0,0,26.55,S,First,man,True,E,Southampton,yes,True,0.09782568217302477
858,1,3,female,24.0,0,3,19.2583,C,Third,woman,False,,Cherbourg,yes,False,0.07095880734436018
860,0,3,male,41.0,2,0,14.1083,S,Third,man,True,,Southampton,no,False,0.05198320421098626
861,0,2,male,21.0,1,0,11.5,S,Second,man,True,,Southampton,no,False,0.042372706025980596
862,1,1,female,48.0,0,0,25.9292,S,First,woman,False,D,Southampton,yes,True,0.09553829296424834
864,0,2,male,24.0,0,0,13.0,S,Second,man,True,,Southampton,no,True,0.04789958072502154
865,1,2,female,42.0,0,0,13.0,S,Second,woman,False,,Southampton,yes,True,0.04789958072502154
866,1,2,female,27.0,1,0,13.8583,C,Second,woman,False,,Cherbourg,yes,False,0.051062058427812765
867,0,1,male,31.0,0,0,50.4958,S,First,man,True,A,Southampton,no,True,0.18605597295188792
869,1,3,male,4.0,1,1,11.1333,S,Third,child,False,,Southampton,yes,False,0.041021569391221716
871,1,1,female,47.0,1,1,52.5542,S,First,woman,False,D,Southampton,yes,False,0.19364031887222516
872,0,1,male,33.0,0,0,5.0,S,First,man,True,B,Southampton,no,True,0.018422915663469822
873,0,3,male,47.0,0,0,9.0,S,Third,man,True,,Southampton,no,True,0.03316124819424568
874,1,2,female,28.0,1,0,24.0,C,Second,woman,False,,Cherbourg,yes,False,0.08842999518465515
875,1,3,female,15.0,0,0,7.225,C,Third,child,False,,Cherbourg,yes,True,0.02662111313371389
876,0,3,male,20.0,0,0,9.8458,S,Third,man,True,,Southampton,no,True,0.03627766860787824
879,1,1,female,56.0,0,1,83.1583,C,First,woman,False,C,Cherbourg,yes,False,0.3064036695235045
880,1,2,female,25.0,0,1,26.0,S,Second,woman,False,,Southampton,yes,False,0.09579916145004308
881,0,3,male,33.0,0,0,7.8958,S,Third,man,True,,Southampton,no,True,0.029092731499125005
882,0,3,female,22.0,0,0,10.5167,S,Third,woman,False,,Southampton,no,True,0.038749655431602616
883,0,2,male,28.0,0,0,10.5,S,Second,man,True,,Southampton,no,True,0.038688122893286624
885,0,3,female,39.0,0,5,29.125,Q,Third,woman,False,,Queenstown,no,False,0.10731348373971172
887,1,1,female,19.0,0,0,30.0,S,First,woman,False,B,Southampton,yes,True,0.11053749398081893
888,0,3,female,28.0,1,2,23.45,S,Third,woman,False,,Southampton,no,False,0.08640347446167347
889,1,1,male,26.0,0,0,30.0,C,First,man,True,C,Cherbourg,yes,True,0.11053749398081893
890,0,3,male,32.0,0,0,7.75,Q,Third,man,True,,Queenstown,no,True,0.028555519278378225
